ax,ay,az,gx,gy,gz
0.3405,9.8644,0.63,-0.014,0.0012,0.0095
0.2895,9.872,0.676,-0.0094,-0.0116,0.0097
0.2676,9.8949,0.7401,-0.0081,-0.0115,0.0082
0.259,9.8981,0.8164,-0.0048,-0.0034,0.0049
0.2862,9.8661,0.8322,-0.0036,0.0077,0.0067
0.3549,9.8264,0.8028,0.0043,0.0318,0.0066
0.385,9.7519,0.7402,0.0241,0.0414,0.0121
0.3702,9.7224,0.7189,0.0176,0.0301,0.0138
0.3639,9.7256,0.71,0.0225,0.0221,0.0171
0.3733,9.7639,0.678,0.038,0.0382,0.0157
0.3917,9.7971,0.6575,0.0272,0.0525,0.0169
0.3996,9.8052,0.6455,0.0114,0.059,0.0118
0.4205,9.8075,0.6134,0.0084,0.0573,0.015
0.461,9.7963,0.6046,0.0211,0.059,0.0135
0.4723,9.7744,0.5768,0.0302,0.0557,0.0219
0.4821,9.7701,0.577,0.0335,0.0396,0.0236
0.4796,9.7842,0.5793,0.0366,0.0364,0.0237
0.4942,9.7897,0.5659,0.04,0.0269,0.0188
0.4964,9.7656,0.5634,0.0415,0.0204,0.0238
0.4871,9.7417,0.5678,0.0476,0.0222,0.0175
0.481,9.7187,0.5864,0.0461,0.035,0.019
0.4789,9.7166,0.6109,0.0392,0.0477,0.0191
0.4755,9.7131,0.6114,0.0334,0.038,0.0237
0.4733,9.706,0.6067,0.0303,0.0397,0.0187
0.4476,9.7156,0.5974,0.0133,0.0332,0.0216
0.4152,9.7279,0.5974,0.001,0.0316,0.0148
0.3965,9.7303,0.6319,-0.0083,0.0188,0.0146
0.3851,9.7401,0.6619,-0.0084,0.0347,0.0211
0.4087,9.7355,0.6621,-0.0099,0.0539,0.0209
0.4152,9.7255,0.6642,-0.0085,0.0589,0.0128
0.4437,9.7331,0.637,-0.0067,0.0573,0.0128
0.4565,9.7391,0.5859,-0.0069,0.0571,0.0194
0.4715,9.7664,0.5257,0.0038,0.0525,0.0133
0.5035,9.7537,0.5173,0.0105,0.0461,0.0148
0.5533,9.7138,0.5098,0.0301,0.0493,0.0171
0.6307,9.6782,0.5056,0.0274,0.0462,0.012
0.6782,9.6407,0.4705,-0.0008,0.0414,0.005
0.6717,9.6246,0.4568,-0.0129,0.0157,0.0064
0.6577,9.6604,0.4937,-0.0298,0.0045,0.0044
0.6362,9.6838,0.5166,-0.0516,0.0043,0.0055
0.6043,9.7253,0.5469,-0.0714,0.0042,0.0065
0.6434,9.7629,0.607,-0.0791,0.0219,0.003
0.6364,9.7486,0.5816,-0.1084,0.0073,0.004
0.5888,9.8243,0.5123,-0.1209,0.0073,0.0037
0.5787,9.8068,0.5749,-0.0742,-0.0021,0.0015
0.538,9.7077,0.5216,-0.0557,-0.0244,0.0004
0.5151,9.6986,0.4986,-0.0572,-0.0293,0.0021
0.5207,9.6756,0.5058,-0.0415,-0.0308,0.0007
0.5231,9.6159,0.5032,-0.0587,-0.0421,0.0004
0.5409,9.6484,0.5169,-0.0758,-0.0342,0.0049
0.5445,9.6977,0.5122,-0.0805,-0.0309,-0.0001
0.5502,9.7346,0.5557,-0.104,-0.0119,0.0027
0.5476,9.7917,0.6204,-0.1193,-0.0119,0.0006
0.5471,9.8104,0.6687,-0.1286,-0.0087,-0.0013
0.5508,9.8093,0.6545,-0.1413,-0.0056,0.0035
0.5604,9.8502,0.6871,-0.1379,-0.012,0.0002
0.5673,9.8381,0.7861,-0.1055,-0.0151,0.0026
0.5707,9.8105,0.7887,-0.0775,-0.0197,-0
0.5694,9.814,0.7329,-0.0654,-0.0293,0.0005
0.5721,9.8192,0.6986,-0.0451,-0.0325,0.0058
0.5595,9.7991,0.6851,-0.0402,-0.0372,0.0025
0.5638,9.7915,0.6619,-0.0372,-0.0466,-0.0055
0.5637,9.7771,0.648,-0.0326,-0.0402,-0.007
0.564,9.775,0.655,-0.0341,-0.0321,-0.0103
0.5779,9.7653,0.6642,-0.0387,-0.0369,-0.0104
0.5961,9.7695,0.6641,-0.0495,-0.0547,-0.0057
0.6165,9.7714,0.6479,-0.0619,-0.0547,-0.0092
0.6452,9.7983,0.6439,-0.0676,-0.0739,-0.0111
0.645,9.8124,0.6577,-0.0753,-0.0835,-0.0146
0.6383,9.8007,0.6853,-0.0736,-0.0979,-0.0129
0.6385,9.7819,0.7222,-0.0612,-0.1205,-0.0043
0.6193,9.7598,0.7655,-0.0645,-0.1396,-0.0074
0.6007,9.724,0.7891,-0.0563,-0.1477,-0.0009
0.5604,9.709,0.807,-0.0535,-0.1542,0.0026
0.5396,9.714,0.8231,-0.0674,-0.1607,0.0023
0.4916,9.7008,0.8439,-0.0859,-0.1606,-0.0063
0.4503,9.6944,0.8646,-0.0936,-0.1576,0.0016
0.4148,9.7107,0.8874,-0.1108,-0.1528,-0.0003
0.4066,9.7382,0.9064,-0.1074,-0.1496,0.0028
0.4106,9.7806,0.9248,-0.1059,-0.1319,-0.0021
0.4148,9.8112,0.9433,-0.0968,-0.1208,0.003
0.4457,9.8284,0.9474,-0.0848,-0.1063,0.0034
0.4619,9.8355,0.9613,-0.0585,-0.1094,0.0056
0.4778,9.8206,0.9105,-0.0354,-0.1045,0.0046
0.5011,9.8302,0.8162,-0.0322,-0.1093,0.0063
0.5104,9.8397,0.7794,-0.0306,-0.1076,-0.0002
0.519,9.8485,0.7747,-0.0337,-0.1123,-0.0035
0.5278,9.8623,0.8114,-0.0354,-0.1028,-0.0003
0.5348,9.8862,0.8393,-0.0571,-0.0854,0.004
0.5291,9.9042,0.8527,-0.0727,-0.0903,0.0054
0.5151,9.9306,0.8459,-0.0773,-0.0886,-0.0013
0.4689,9.9216,0.8642,-0.0541,-0.0997,0.0026
0.463,9.9203,0.883,-0.0245,-0.1045,0.0065
0.4816,9.9203,0.8992,-0.009,-0.1092,0.0052
0.4192,9.8899,0.869,0.0156,-0.1155,0.0075
0.3778,9.8546,0.8375,0.0424,-0.1202,0.0063
0.3589,9.8233,0.8187,0.0406,-0.1202,0.0064
0.3868,9.7993,0.7818,0.0298,-0.1202,0.0061
0.4078,9.7969,0.7497,0.0236,-0.1107,0.0076
0.4512,9.8101,0.7611,-0.0028,-0.0948,0.0069
0.4635,9.8538,0.7985,-0.0086,-0.0884,0.0065
0.4717,9.8766,0.8374,-0.0103,-0.1076,0.0066
0.4923,9.8977,0.8444,-0.0086,-0.114,0.005
0.5315,9.878,0.8466,0.0023,-0.1299,0.0005
0.5034,9.8445,0.8439,0.0377,-0.1457,-0.0017
0.4781,9.797,0.8506,0.0516,-0.1711,-0.0094
0.4474,9.7513,0.8279,0.0658,-0.1855,-0.0058
0.4123,9.7273,0.8068,0.067,-0.1775,-0.0041
0.4091,9.7216,0.8096,0.0581,-0.1615,-0.0078
0.4024,9.71,0.8281,0.0503,-0.1552,-0.0015
0.4019,9.6784,0.83,0.0191,-0.1569,-0.007
0.3789,9.662,0.8345,-0.004,-0.1633,-0.0108
0.3426,9.6559,0.8485,-0.007,-0.1699,-0.0044
0.2862,9.6245,0.9179,-0.0084,-0.1538,-0.0078
0.2412,9.6119,0.9564,-0.0073,-0.1457,-0.0125
0.221,9.6294,0.9314,-0.0088,-0.1281,-0.0111
0.2506,9.6455,0.8807,-0.0072,-0.1217,-0.0127
0.2604,9.6435,0.8878,-0.0119,-0.0993,-0.0097
0.2626,9.6003,0.9589,-0.0246,-0.0801,-0.0116
0.2571,9.5851,1.0147,-0.0305,-0.0706,-0.0054
0.245,9.5918,1.0467,-0.0262,-0.0466,-0.0053
0.2694,9.6217,1.0212,-0.0201,-0.0369,-0.0084
0.2829,9.6832,0.9984,-0.0138,-0.0432,-0.0115
0.3011,9.7306,0.9894,-0.0167,-0.0367,-0.0198
0.3297,9.7886,0.9777,-0.0122,-0.0431,-0.018
0.3761,9.8146,0.9803,-0.0104,-0.0478,-0.0213
0.4006,9.8206,0.9639,-0.0153,-0.035,-0.0246
0.4033,9.7946,0.9547,-0.009,-0.0493,-0.0293
0.4214,9.7724,0.9797,-0.0076,-0.0555,-0.0357
0.4362,9.7517,1.0077,-0.0026,-0.0698,-0.0438
0.4208,9.7455,1.0033,-0.007,-0.0842,-0.0456
0.411,9.7594,0.9939,-0.0086,-0.0888,-0.057
0.3679,9.7895,0.9796,-0.0149,-0.1096,-0.0586
0.298,9.816,0.9804,-0.0083,-0.1081,-0.0521
0.2503,9.8389,0.9968,-0.0173,-0.1081,-0.0541
0.1765,9.8758,1.003,-0.0179,-0.097,-0.049
0.121,9.9387,0.9848,-0.0209,-0.081,-0.046
0.0978,9.9675,0.9964,-0.0086,-0.0634,-0.0457
0.0923,9.9858,1.0077,0.0017,-0.0251,-0.0357
0.0874,9.9689,0.9983,0.0246,-0.0042,-0.0303
0.0782,9.9402,0.975,0.0428,0.0325,-0.0201
0.0963,9.9086,0.9448,0.0579,0.0646,-0.0181
0.1162,9.8692,0.9129,0.0656,0.0999,-0.0198
0.15,9.8439,0.9065,0.0642,0.1351,-0.0201
0.2002,9.8115,0.8785,0.0653,0.1591,-0.0183
0.2632,9.7493,0.8532,0.0559,0.183,-0.0138
0.3579,9.7146,0.8485,0.0417,0.2052,-0.006
0.4481,9.7185,0.8625,0.0387,0.2099,0.002
0.5259,9.7072,0.8554,0.0246,0.2161,0.005
0.5762,9.7109,0.8438,0.0245,0.2081,0.0067
0.5953,9.7113,0.8441,0.0356,0.1986,0.0053
0.6112,9.6965,0.8969,0.0371,0.1824,0.012
0.6233,9.6897,0.9247,0.028,0.163,0.0199
0.618,9.6914,0.9198,0.0141,0.147,0.0148
0.6145,9.6806,0.9248,0.0112,0.1438,0.0163
0.5961,9.6595,0.9615,-0.0042,0.1292,0.0192
0.5804,9.6314,0.9823,-0.0041,0.1068,0.0177
0.5593,9.6289,0.9936,-0.0102,0.0827,0.0209
0.541,9.6509,1.0145,-0.0085,0.0684,0.016
0.5003,9.6786,1.0057,-0.0096,0.0571,0.0191
0.4601,9.7044,1.0124,-0.0113,0.0443,0.0176
0.4289,9.7299,1.0221,-0.017,0.0283,0.019
0.4255,9.7622,1.0449,-0.0264,0.0218,0.0188
0.4096,9.7771,1.0266,-0.0139,0.0169,0.0256
0.4085,9.7688,1.0423,-0.0158,0.0121,0.0241
0.3926,9.7573,1.0884,-0.0189,0.0186,0.0208
0.3838,9.7459,1.1023,-0.0296,0.0155,0.0156
0.3794,9.7653,1.0541,-0.0263,0.0027,0.0156
0.367,9.7765,0.9939,-0.0157,0.009,0.0192
0.352,9.7947,1.0028,-0.016,0.0188,0.0128
0.3501,9.8119,1.0146,-0.0097,0.0268,0.0128
0.3655,9.8133,0.9958,-0.0084,0.0413,0.0113
0.382,9.8374,0.9984,-0.0098,0.0478,0.0046
0.3869,9.8352,0.9939,-0.0082,0.0478,0.0063
0.4057,9.8377,0.9849,0.0074,0.0478,0.0082
0.385,9.838,0.9872,0.0182,0.0543,0.0052
0.367,9.8364,0.9828,0.0399,0.0592,0.0073
0.3572,9.8288,0.9733,0.0397,0.0576,0.0057
0.3264,9.8259,0.9752,0.041,0.0624,0.0075
0.3243,9.8262,0.9937,0.0425,0.072,0.0091
0.3832,9.8027,1.0195,0.0397,0.0784,0.0056
0.4239,9.775,1.0305,0.0409,0.0832,0.0074
0.4936,9.7459,1.026,0.0256,0.0672,0.0055
0.5448,9.7097,1.0145,0.0241,0.0623,0.0071
0.5449,9.7027,1.0007,0.0319,0.048,0.0057
0.4892,9.7127,0.9937,0.0334,0.0384,0.0041
0.4811,9.7307,0.9933,0.0425,0.0271,0.0078
0.4885,9.7622,0.9822,0.0598,0.024,0.0065
0.4979,9.7359,0.9521,0.0597,0.0272,0.0081
0.5087,9.7327,0.9228,0.0633,0.0225,0.0063
0.526,9.7289,0.8855,0.0568,0.0176,0.008
0.5426,9.7124,0.9132,0.0585,0.008,0.0064
0.5533,9.6898,0.9552,0.0403,-0.0017,0.0075
0.5583,9.6805,0.9576,0.0419,-0.0113,0.0059
0.5456,9.6652,0.9478,0.0369,-0.0113,0.0076
0.5086,9.6608,0.9477,0.0338,-0.0177,0.0059
0.4899,9.6823,0.9776,0.04,-0.0193,0.0077
0.455,9.7087,0.9822,0.037,-0.0305,0.0044
0.4435,9.7186,1.0008,0.0262,-0.0177,0.0057
0.4511,9.7215,1.0126,0.0155,-0.0194,0.007
0.444,9.6999,1.0193,-0,-0.0146,0.0017
0.4538,9.6955,1.0126,-0.0076,-0.0177,-0.0067
0.4554,9.6757,1.026,-0.0078,-0.0193,-0.0033
0.4492,9.698,1.0563,-0.0076,-0.0176,-0.0083
0.4478,9.7468,1.0676,-0.0093,-0.0209,-0.005
0.4562,9.8033,1.0376,-0.0077,-0.0336,-0.0098
0.4468,9.8128,1.0169,-0.0062,-0.0305,-0.0048
0.4373,9.8151,1.0145,-0.0062,-0.0288,-0.0097
0.4506,9.7927,1.0151,0.0096,-0.0288,-0.0079
0.4701,9.7792,1.0099,0.0077,-0.0271,-0.011
0.4931,9.7622,0.9877,0.0206,-0.0272,-0.0045
0.5363,9.7417,0.9989,0.0096,-0.0304,-0.0079
0.5607,9.7548,0.9848,-0.0076,-0.0352,-0.0114
0.5635,9.7672,0.9749,-0.0018,-0.0431,-0.0143
0.5534,9.7641,0.9962,0.0018,-0.0575,-0.0144
0.553,9.7756,1.0122,0.0001,-0.0528,-0.0095
0.5111,9.7758,1.0166,-0.0076,-0.0704,-0.0145
0.4564,9.7412,1.035,-0.0061,-0.0721,-0.0095
0.4108,9.7233,1.0512,-0.0091,-0.0817,-0.008
0.3668,9.7214,1.0903,-0.0107,-0.0785,-0.008
0.3371,9.722,1.0927,-0.0092,-0.0657,-0.0064
0.309,9.7434,1.0764,-0.017,-0.0562,-0.0017
0.3273,9.779,1.0582,-0.0201,-0.0403,0.0014
0.3675,9.8178,1.0533,-0.0142,-0.0275,0.0049
0.411,9.8527,1.0327,-0.0049,-0.0179,0.0067
0.4715,9.862,1.0077,0.0014,-0.0194,0.0051
0.5316,9.859,0.9709,0.017,-0.0178,0.0054
0.5559,9.8312,0.9552,0.0389,-0.0273,0.0059
0.5623,9.7899,0.9524,0.0417,-0.0369,0.0078
0.5538,9.7405,0.9524,0.0372,-0.0562,0.0077
0.5186,9.7189,0.9437,0.0345,-0.0594,0.0075
0.4829,9.7038,0.9455,0.0248,-0.0514,0.0058
0.4666,9.7159,0.9178,0.0155,-0.0515,0.0072
0.4486,9.7046,0.9041,0.0063,-0.0434,0.0053
0.4484,9.6996,0.9178,-0.003,-0.0435,0.0067
0.4306,9.6695,0.9571,-0.0045,-0.0531,0.0034
0.4067,9.6833,0.9706,-0.0092,-0.0643,0.0018
0.4073,9.7101,0.9986,-0.0073,-0.082,0.0066
0.3886,9.7316,1.0194,-0.0089,-0.0819,0.0033
0.402,9.743,1.0607,-0.0059,-0.0787,0.0051
0.3815,9.789,0.9851,-0.0288,-0.082,0.0044
0.3977,9.8822,0.9962,-0.0213,-0.0756,0.003
0.4037,9.8644,1.0151,0.0022,-0.0755,0.0035
0.398,9.8275,0.9085,-0.0014,-0.0755,0.0052
0.3933,9.849,0.9132,0.0048,-0.0707,0.007
0.3908,9.832,0.9338,0.0264,-0.0802,0.006
0.3709,9.8045,0.9547,0.0405,-0.0801,0.0013
0.3636,9.8162,0.9546,0.0342,-0.0738,0.0061
0.3627,9.8153,0.8883,0.0392,-0.0737,0.0044
0.3664,9.831,0.8466,0.042,-0.0545,0.0045
0.3874,9.8453,0.8468,0.0421,-0.0463,-0.0038
0.4073,9.8537,0.8465,0.0403,-0.0287,-0.0054
0.4164,9.8295,0.874,0.0448,-0.0383,-0.0052
0.4366,9.8335,0.8586,0.0454,-0.0479,-0.0054
0.4212,9.8273,0.8441,0.0342,-0.0655,-0.007
0.4056,9.8113,0.8511,0.039,-0.0815,-0.0069
0.3858,9.8078,0.8446,0.0424,-0.0831,-0.0053
0.3698,9.8177,0.8608,0.0486,-0.0814,-0.0101
0.3623,9.8245,0.8652,0.0515,-0.0606,-0.0067
0.3879,9.8123,0.909,0.056,-0.0397,-0.0116
0.4129,9.7996,0.8811,0.0512,-0.0347,-0.0215
0.4132,9.7784,0.842,0.0434,-0.0285,-0.0151
0.4202,9.7569,0.8189,0.0558,-0.035,-0.0083
0.418,9.7331,0.8257,0.0542,-0.0397,-0.0131
0.4107,9.7256,0.8439,0.0649,-0.0428,-0.0128
0.4016,9.7187,0.8577,0.0603,-0.0509,-0.0113
0.3747,9.7007,0.8763,0.0481,-0.0557,-0.0165
0.3494,9.6964,0.904,0.0403,-0.0398,-0.0118
0.3233,9.7175,0.9176,0.0355,-0.0335,-0.007
0.316,9.7148,0.9358,0.0245,-0.0319,-0.0072
0.3078,9.7232,0.9363,0.0402,-0.0254,-0.0087
0.3097,9.7227,0.9499,0.0339,-0.019,-0.0104
0.3352,9.7393,0.957,0.0278,-0.0192,-0.0025
0.3521,9.723,0.9388,0.0342,-0.0174,-0.0105
0.3279,9.7198,0.9222,0.0415,-0.0191,-0.0053
0.31,9.7326,0.9133,0.0402,-0.0175,-0.0022
0.2999,9.7462,0.9107,0.0415,-0.0192,-0.0004
0.2916,9.7831,0.9135,0.0449,-0.0144,0.0027
0.2886,9.8088,0.8835,0.0417,0.0032,0.001
0.3116,9.8299,0.8468,0.0555,0.0224,0.0062
0.3525,9.8336,0.8466,0.0585,0.024,0.0079
0.3753,9.833,0.8534,0.0537,0.0432,0.0078
0.3748,9.8228,0.8785,0.0474,0.0336,0.0045
0.3504,9.8242,0.8604,0.04,0.0145,-0.0007
0.3131,9.8363,0.8303,0.0416,0.0016,0.0011
0.2971,9.8318,0.8326,0.043,0.0112,0.006
0.2943,9.8314,0.8348,0.0475,0.0176,0.0078
0.289,9.8331,0.8437,0.0565,0.0385,0.0064
0.3011,9.8192,0.8301,0.0627,0.0481,0.0065
0.3119,9.7896,0.8305,0.0676,0.0593,0.008
0.3404,9.7446,0.826,0.0677,0.0593,0.0063
0.3467,9.72,0.7911,0.0689,0.0657,0.0081
0.3541,9.7203,0.7613,0.0691,0.0593,0.0081
0.3275,9.7146,0.7515,0.0641,0.0609,0.0081
0.3142,9.7273,0.7749,0.0657,0.0705,0.0064
0.3085,9.7526,0.8022,0.064,0.0705,0.0081
0.3379,9.8066,0.8069,0.0656,0.0721,0.0065
0.397,9.8456,0.7654,0.064,0.0689,0.0081
0.4204,9.8816,0.722,0.0674,0.0578,0.0048
0.4571,9.8928,0.7174,0.0815,0.0371,-0.0013
0.4909,9.9154,0.7196,0.0908,0.0147,-0.0009
0.5069,9.9199,0.7011,0.0893,0.0003,-0.0009
0.5137,9.9292,0.6942,0.0909,-0.0174,0.0057
0.4852,9.9575,0.6917,0.0908,-0.0222,0.0042
0.4496,10.0311,0.671,0.0893,-0.0286,0.0025
0.4044,10.1331,0.5858,0.094,-0.0318,0.0043
0.3458,10.2335,0.4293,0.1251,-0.0429,0.005
0.3017,10.3224,0.3329,0.1655,-0.046,0.0108
0.2852,10.3509,0.3191,0.1994,-0.033,0.0099
0.2549,10.394,0.3491,0.2396,-0.0185,0.0124
0.2563,10.4195,0.3443,0.2687,-0.0105,0.0197
0.2601,10.4425,0.2497,0.2856,-0.0023,0.0153
0.3042,10.5284,0.0536,0.3425,0.0042,0.0217
0.3977,10.6194,-0.1995,0.4077,-0.0179,0.0216
0.4748,10.6696,-0.4107,0.4856,-0.0431,0.0168
0.5513,10.6475,-0.5336,0.5764,-0.0812,0.0194
0.6097,10.5709,-0.6189,0.6538,-0.1209,0.0231
0.6327,10.4916,-0.6576,0.7131,-0.1476,0.0082
0.6191,10.4036,-0.711,0.767,-0.1488,-0.0002
0.4692,10.3864,-0.9001,0.7808,-0.1455,-0.0014
0.3228,10.4567,-1.1398,0.7947,-0.1583,0.0023
0.2624,10.5576,-1.3721,0.8658,-0.1422,0.0136
0.2741,10.5744,-1.5148,0.9183,-0.1166,0.0278
0.2867,10.3959,-1.6066,1.008,-0.1054,0.0494
0.2637,9.9824,-1.7153,1.1436,-0.1051,0.0643
0.2241,9.3461,-1.8952,1.3384,-0.1218,0.0627
0.1611,8.552,-1.9577,1.5672,-0.164,0.0668
0.1174,7.7368,-2.0062,1.7342,-0.1923,0.0743
0.0184,6.6545,-2.1764,1.8379,-0.1724,0.0635
-0.0887,5.186,-2.4235,1.8652,-0.1093,0.0397
-0.0773,3.6615,-2.5061,1.7384,-0.0196,0.0084
-0.0422,2.324,-2.292,1.5401,0.0874,-0.0197
-0.0777,1.357,-1.8525,1.4389,0.1734,-0.019
-0.0323,0.6901,-1.1932,1.4591,0.2038,-0.0106
-0.004,0.2765,-0.5923,1.5127,0.2244,0.0152
0.0379,0.0968,-0.15,1.573,0.1985,0.0429
-0.0437,0.1568,0.2254,1.6473,0.1471,0.0661
-0.0533,0.6924,0.4213,1.7003,0.0781,0.0823
-0.0638,1.4544,0.4722,1.6929,0.0055,0.1117
-0.0781,2.0835,0.237,1.7249,0.0389,0.1271
0.0112,2.6677,-0.2348,1.7601,0.124,0.126
0.1869,3.1801,-0.7088,1.8123,0.2429,0.1218
0.2224,3.5611,-0.8863,1.9092,0.3014,0.1029
0.1701,3.8306,-0.4947,1.9465,0.2894,0.0696
0.0239,4.0827,-0.1676,1.9516,0.2322,0.047
-0.1492,4.1927,-0.0484,2.0383,0.1721,0.0234
-0.0128,4.5981,-0.6428,2.0722,0.1936,-0.0036
0.2291,5.3912,-1.137,2.1031,0.2898,-0.0001
0.3757,6.1755,-1.211,2.1393,0.3844,0.0039
0.4209,6.7003,-0.9624,2.0867,0.3713,0.0076
0.4594,7.0555,-1.0914,2.0316,0.2685,0.0099
0.4452,7.3976,-1.5221,1.9783,0.1253,0.0286
0.4143,7.6604,-2.0932,1.9792,0.0018,0.0387
0.4904,7.7264,-2.4622,2.0392,-0.0191,0.0534
0.8235,7.6894,-2.4939,2.0116,-0.0145,0.0591
1.0741,7.6614,-2.5633,1.9324,0.0153,0.0752
1.0772,7.7171,-2.6847,1.8289,0.0531,0.0837
1.0856,7.9507,-2.826,1.7281,0.0482,0.0636
1.1622,8.3091,-3.2931,1.644,-0.0269,0.0355
1.2097,9.0589,-3.5701,1.5856,-0.116,-0.0095
1.1251,9.958,-3.673,1.534,-0.1635,-0.0517
1.0119,10.5384,-3.5514,1.5246,-0.1791,-0.0729
0.8667,10.8897,-3.5882,1.5061,-0.1727,-0.0783
0.6432,11.0868,-4.1616,1.5199,-0.1491,-0.0536
0.4185,10.8689,-4.8549,1.6047,-0.1515,0.0072
0.1349,10.5213,-5.5279,1.6834,-0.1955,0.0632
-0.0994,10.0805,-5.9629,1.7056,-0.28,0.1291
0.0682,10.1086,-6.2623,1.6479,-0.2231,0.1552
-0.1915,10.3261,-6.6612,1.4755,-0.1118,0.1573
-0.3508,11.0459,-7.1332,1.1876,0.0255,0.1155
-0.2453,11.7976,-7.5896,0.8792,0.1612,0.0652
0.4362,12.6342,-7.4142,0.5995,0.1975,0.0289
1.2113,13.2436,-7.3859,0.3788,0.1902,0.0218
1.7902,13.6473,-7.5102,0.3978,0.1185,0.0078
2.6127,13.5756,-7.8142,0.4511,-0.0139,-0.0084
3.1055,13.4319,-8.4082,0.5745,-0.2201,-0.0015
3.1338,13.4752,-8.9868,0.749,-0.4932,-0.0028
2.9577,13.2951,-9.4771,0.8529,-0.7488,-0.0143
2.2806,13.2455,-9.8692,0.852,-0.867,-0.0318
1.3851,13.5488,-9.9477,0.6881,-0.8205,-0.0752
0.1092,13.7976,-9.5907,0.4296,-0.6883,-0.0967
-0.977,13.8459,-9.2942,0.2842,-0.4092,-0.15
-1.0965,14.1829,-9.7571,0.1517,-0.1689,-0.1818
-0.505,14.8031,-10.3836,0.026,-0.1234,-0.1621
0.5076,15.7109,-11.0969,-0.0449,-0.1437,-0.1231
1.4976,16.2939,-11.9654,-0.1118,-0.1496,-0.0837
2.0168,16.3398,-12.4054,-0.1102,-0.1886,-0.0525
2.2117,16.2547,-12.2279,-0.1779,-0.2387,-0.0475
2.0764,16.1378,-11.8589,-0.2914,-0.3224,-0.0535
1.7296,16.2251,-10.9608,-0.3991,-0.4254,-0.0541
1.3327,16.6872,-10.5712,-0.5562,-0.4726,-0.0514
0.9638,17.4795,-10.7143,-0.6768,-0.5007,-0.0362
0.5484,18.1595,-10.6523,-0.6973,-0.4611,-0.0172
0.4041,18.3013,-10.7236,-0.639,-0.381,-0.003
0.3864,18.0679,-10.8804,-0.5836,-0.3682,0.0098
0.1545,17.7085,-10.9218,-0.5909,-0.4242,0.0032
-0.1729,17.3947,-10.8875,-0.665,-0.4451,-0.0115
-0.3932,17.1882,-10.4845,-0.7611,-0.3665,-0.0386
-0.3943,16.9166,-10.123,-0.8794,-0.2091,-0.0876
-0.2183,16.5488,-9.7543,-0.9958,-0.079,-0.1317
-0.1338,16.1735,-9.063,-1.098,0.0009,-0.1476
-0.2474,16.0282,-8.4667,-1.2313,0.0419,-0.1444
-0.3499,16.2367,-8.536,-1.3306,0.0522,-0.119
-0.2581,16.6106,-8.2663,-1.3678,0.0527,-0.071
-0.1135,16.8616,-7.9642,-1.4503,0.1295,-0.0081
-0.5185,16.9971,-7.6303,-1.4092,0.1735,0.0499
0.1393,17.1512,-7.4692,-1.3314,0.271,0.0778
0.2463,16.9188,-7.9253,-1.2589,0.2966,0.0941
-0.3546,16.5835,-7.8356,-1.3682,0.224,0.0966
-0.9376,16.9603,-7.732,-1.6985,0.1844,0.0804
-0.9581,17.6356,-7.2687,-2.0062,0.2786,0.0236
-0.6516,18.2963,-7.0635,-2.2311,0.487,-0.0414
-0.2807,18.8744,-6.7135,-2.4502,0.6596,-0.0716
0.3424,19.1199,-6.2226,-2.7762,0.6893,-0.109
0.9062,19.1443,-5.3886,-3.0466,0.6591,-0.1025
0.8826,19.2659,-4.0914,-3.3149,0.5788,-0.073
1.0107,19.6838,-2.723,-3.5949,0.5911,-0.0309
0.937,20.3355,-1.9259,-3.8023,0.6218,-0.0099
1.1308,20.2852,-0.9554,-3.8215,0.5855,-0.0399
1.1188,18.9112,-0.3826,-3.6036,0.5279,-0.0782
1.0821,18.3591,0.6567,-3.4076,0.3702,-0.0764
0.9353,18.57,0.3384,-3.5254,0.1541,-0.1111
0.1856,17.3459,-1.7742,-3.2869,-0.1191,-0.1746
-0.792,15.0867,-3.111,-2.7481,-0.3072,-0.1788
-1.6968,11.7416,-4.2062,-2.6743,-0.2926,-0.1688
-1.9669,7.7688,-5.6921,-2.7556,-0.0966,-0.1372
-1.4962,3.6669,-7.181,-2.6207,0.3104,-0.1921
-1.1776,-0.1957,-9.7637,-2.4435,0.6969,-0.2576
-0.2752,-2.532,-13.8848,-2.0172,0.7172,-0.2113
1.2736,-2.7373,-18.0286,-1.1823,0.5246,-0.0793
2.7221,-2.2971,-19.4242,-0.1841,0.1319,0.0851
3.1354,-1.0345,-17.7238,0.397,-0.2169,0.2049
2.8248,1.3027,-15.6687,0.4477,-0.4335,0.2329
2.618,0.9728,-12.1782,0.5546,-0.4138,0.2335
2.5114,-0.3164,-8.6636,0.4372,-0.2187,0.2238
2.0504,-1.2178,-5.2814,0.2187,-0.0258,0.2175
1.1713,-1.7261,-1.7184,0.1249,0.1231,0.2019
0.5505,-1.2829,-0.7004,0.22,0.2635,0.1711
0.7677,-1.3334,0.0943,0.5264,0.2012,0.1511
0.7521,-1.0624,1.649,0.5916,-0.1595,0.18
-0.0145,-0.6248,2.973,0.6225,-0.4835,0.2113
-0.6938,-0.2898,3.9551,0.8831,-0.5675,0.2225
-1.4023,0.296,4.2335,1.0743,-0.5334,0.2483
-2.0285,0.7054,4.1892,1.0984,-0.4709,0.2505
-2.34,1.2073,3.551,1.0917,-0.3696,0.2289
-2.1136,1.8292,2.1831,1.067,-0.3454,0.215
-1.5876,2.3706,0.6399,0.9964,-0.4114,0.2151
-0.8926,2.5489,-0.9217,0.9869,-0.3796,0.2245
-0.2454,2.3146,-2.3499,1.0494,-0.2575,0.2225
-0.0328,1.7644,-2.601,0.9933,-0.1727,0.2143
-0.2109,1.2467,-1.4651,0.8024,0.0206,0.1943
-0.3063,0.656,-0.4749,0.6481,0.2499,0.1442
-0.3936,-0.1466,-0.0395,0.5873,0.3637,0.1276
-0.3811,-0.8683,0.1608,0.5795,0.3733,0.1257
-0.1604,-1.2093,0.4301,0.6309,0.2726,0.1258
0.0362,-1.245,0.944,0.6969,0.1194,0.1131
0.1577,-1.255,1.3362,0.7692,-0.0178,0.1037
0.0813,-1.2423,1.4789,0.8362,-0.1055,0.0959
-0.2178,-0.9384,1.3844,0.7826,-0.1921,0.0916
-0.5969,-0.4051,1.1399,0.6791,-0.2281,0.1023
-0.8102,0.1447,0.5914,0.6307,-0.1836,0.1092
-0.8816,0.519,-0.0417,0.5948,-0.0832,0.1275
-0.8141,0.782,-0.5876,0.6187,0.0403,0.1277
-0.5839,0.8505,-0.7931,0.6715,0.1648,0.1614
-0.3407,0.8528,-0.5137,0.73,0.2625,0.1738
-0.0091,0.6492,-0.0786,0.7589,0.293,0.181
0.2708,0.4236,0.2073,0.7655,0.2435,0.1748
0.5237,0.1656,0.5139,0.7894,0.1509,0.1641
0.736,-0.0715,0.7486,0.8347,0.0587,0.1395
0.9138,-0.2198,0.8319,0.8558,-0.048,0.1076
0.8991,-0.3043,0.8458,0.8553,-0.1834,0.0705
0.67,-0.453,0.7679,0.8196,-0.3223,0.0388
0.343,-0.6222,0.6378,0.7811,-0.4424,0.0255
-0.0293,-0.6565,0.4996,0.7755,-0.5141,0.0076
-0.2582,-0.6996,0.2096,0.7742,-0.4832,-0.0204
-0.4119,-0.8117,-0.1653,0.7681,-0.4366,-0.029
-0.442,-0.8353,-0.4581,0.7382,-0.35,-0.0398
-0.3605,-0.7441,-0.7216,0.7355,-0.2602,-0.0447
-0.2837,-0.5604,-0.781,0.7571,-0.2186,-0.0347
-0.1812,-0.2976,-0.5781,0.7972,-0.2042,-0.0289
-0.0836,-0.0135,-0.3361,0.9179,-0.2149,-0.0226
0.0272,0.0977,-0.3132,1.0615,-0.2239,-0.0207
0.2505,0.0442,-0.6474,1.1654,-0.3132,-0.0161
0.6291,-0.1115,-1.2527,1.2374,-0.4187,-0.0126
0.7513,-0.1297,-2.2915,1.276,-0.427,0.0129
0.6172,-0.0798,-2.9696,1.3538,-0.3615,0.0393
0.2034,-0.135,-3.4005,1.4763,-0.1834,0.0499
-0.1287,-0.1017,-3.3683,1.603,0.0586,0.0767
-0.0948,-0.1749,-2.9673,1.7192,0.2473,0.1214
0.3425,-0.3975,-1.9187,1.7374,0.3256,0.1345
0.8332,-1.2853,-0.2629,1.6649,0.2729,0.1086
0.8452,-2.7018,0.6404,1.7512,0.1643,0.0277
0.2324,-4.1714,0.9923,2.0498,0.1776,-0.0923
0.2275,-3.8206,1.0048,2.1641,0.3401,-0.1801
1.263,-2.1135,-0.5433,1.5944,0.2453,-0.2197
0.6675,1.1775,-4.1551,0.5294,-0.4676,-0.2207
0.127,5.6881,-9.1954,-0.1657,-1.0111,-0.2767
1.3572,21.5446,-28.7002,0.5168,-0.5347,-0.397
4.2298,31.6211,-28.2994,3.5919,0.4142,-0.6072
7.2416,32.9237,-13.1176,1.6893,-0.6988,-0.7465
9.048,38.458,-14.9734,0.519,-0.3207,-0.1968
8.3561,22.3537,-8.279,2.8519,0.46,0.4863
0.7062,13.5306,-8.5405,3.4737,-0.0566,0.6762
-5.3876,7.192,-2.9154,3.9632,-0.1051,0.4843
-11.6259,11.2368,6.1414,1.6562,-0.9283,0.2605
-13.6981,21.8899,3.9626,-0.7453,-1.3281,-0.174
-6.1039,25.7113,-0.4047,-1.3073,-0.7533,-0.3772
1.5015,29.9491,-17.209,0.5089,1.4156,-0.2759
7.7482,22.7725,-20.7645,2.4099,2.0338,-0.1514
6.0231,18.3151,-13.5856,0.6187,0.3434,0.0257
5.546,17.3122,-12.4405,1.3843,0.7379,0.1034
8.7389,9.7464,-7.8728,2.7795,-0.6806,0.2286
3.51,8.3015,-4.5274,1.9371,-3.0695,0.3901
-1.1439,10.4849,-5.9964,1.0692,-1.9462,0.4096
-2.6027,14.8308,-13.9482,0.225,0.0087,0.3403
-4.4592,16.9524,-15.72,0.3979,0.636,0.2479
-5.6542,15.4981,-11.2588,0.1578,0.7797,0.1308
-4.1157,14.3432,-9.8917,-0.2399,1.0348,0.0204
-1.5575,14.1919,-9.8218,-0.4359,0.7816,-0.0195
0.2956,15.324,-11.3255,-0.2303,0.5155,-0.0463
2.1296,15.3811,-12.228,-0.0596,0.3981,-0.0645
2.9284,14.9406,-12.3935,-0.0232,0.265,-0.0486
3.1193,13.772,-11.613,0.0907,0.2911,-0.0458
2.7018,12.7943,-11.6402,0.0538,0.3374,-0.0471
1.6867,12.5326,-11.8482,-0.0588,0.2878,-0.074
0.595,13.037,-11.731,-0.1743,0.2447,-0.1126
-0.2612,13.7608,-11.416,-0.2486,0.2563,-0.1503
-0.758,14.1638,-11.2335,-0.3022,0.274,-0.1649
-0.4645,14.2634,-11.5719,-0.3473,0.2956,-0.1334
0.1827,14.024,-11.5422,-0.38,0.2805,-0.1063
0.7018,13.6582,-10.9453,-0.4095,0.2715,-0.0597
1.2641,13.332,-10.9911,-0.3971,0.2792,-0.0399
1.7502,13.2794,-11.4518,-0.3724,0.2633,-0.0441
1.966,13.474,-11.3413,-0.3829,0.2092,-0.0621
1.8748,13.6174,-10.7882,-0.3717,0.1873,-0.0896
1.4903,13.664,-10.6844,-0.3467,0.1975,-0.1119
0.9595,13.5655,-10.8482,-0.3282,0.1881,-0.118
0.5075,13.2988,-10.7455,-0.3115,0.1416,-0.1106
0.2571,13.0712,-10.3349,-0.3201,0.1174,-0.1077
0.2924,12.8608,-10.2174,-0.342,0.154,-0.1002
0.5787,12.5773,-10.3651,-0.3565,0.1987,-0.0924
0.9941,12.2825,-10.2456,-0.391,0.2353,-0.0916
1.3873,12.0055,-9.9576,-0.4358,0.2351,-0.0927
1.6386,11.7651,-9.6253,-0.4722,0.1919,-0.1018
1.7356,11.5604,-9.1854,-0.4938,0.1613,-0.1005
1.6215,11.3646,-8.7062,-0.5073,0.1164,-0.0992
1.4173,11.1267,-8.2526,-0.4917,0.0682,-0.0855
1.2031,10.8642,-7.9875,-0.4931,0.0584,-0.0758
1.0658,10.6208,-7.9854,-0.504,0.0515,-0.0565
0.9911,10.3265,-7.6955,-0.5088,0.0368,-0.0417
0.9298,10.0292,-7.285,-0.5362,0.0222,-0.0376
0.8378,9.7674,-6.8986,-0.6017,0.0426,-0.0326
0.82,9.4404,-6.5829,-0.6326,0.0695,-0.0237
0.7929,9.1471,-6.207,-0.6757,0.0708,-0.0167
0.797,8.9478,-5.862,-0.7285,0.0561,-0.0129
0.8433,8.7774,-5.4773,-0.7547,0.0462,-0.0053
0.9681,8.4721,-5.371,-0.7546,0.0378,0.0125
1.0624,8.0758,-5.2264,-0.7517,0.012,0.0243
1.1318,7.6659,-4.901,-0.79,0.01,0.0346
1.1727,7.3703,-4.5533,-0.858,0.0034,0.0297
1.1484,7.0631,-4.1898,-0.9248,0.0095,0.0299
1.081,6.8217,-3.858,-0.9789,0.0479,0.0202
1.024,6.5576,-3.5635,-1.0242,0.0701,0.0191
1.0144,6.4448,-3.2502,-1.0765,0.054,0.0097
1.0386,6.4048,-3.0242,-1.1305,0.0518,0.0296
1.0366,6.2808,-3.1344,-1.1224,0.0132,0.0412
1.0217,6.1388,-3.3398,-1.113,-0.0381,0.0449
1.0425,5.9591,-3.28,-1.1127,-0.0926,0.0435
0.9591,5.8234,-2.8885,-1.1605,-0.123,0.0343
0.865,5.6838,-2.4553,-1.216,-0.1036,0.01
0.8159,5.6863,-2.2736,-1.2612,-0.049,-0.0059
0.9027,5.5885,-2.3771,-1.2935,-0.0617,-0.0197
1.0412,5.4002,-2.4209,-1.2483,-0.124,-0.0185
1.1038,5.2488,-2.2594,-1.2154,-0.1799,-0.0175
0.971,5.23,-2.1579,-1.2273,-0.2297,-0.0161
0.6772,5.2905,-2.0914,-1.2027,-0.2444,0.0026
0.3269,5.3363,-2.3332,-1.2043,-0.2236,0.0073
0.2039,5.3636,-2.6605,-1.1941,-0.1566,0.0205
0.2635,5.2379,-2.5591,-1.1835,-0.1068,0.0156
0.4082,5.0727,-2.4072,-1.1901,-0.0574,0.0268
0.6315,4.9232,-2.1445,-1.2134,-0.0383,0.0278
0.8674,4.8369,-1.9234,-1.2723,-0.0274,0.0313
1.0614,4.7363,-1.7777,-1.2905,-0.0244,0.0404
1.2284,4.6226,-1.6718,-1.2705,-0.039,0.0524
1.3416,4.6955,-1.7229,-1.255,-0.1016,0.0613
1.4475,4.8757,-1.7066,-1.2221,-0.1608,0.0671
1.5778,4.9398,-1.8471,-1.1939,-0.2247,0.0648
1.6562,4.8933,-2.02,-1.1595,-0.301,0.0447
1.6709,4.882,-2.1372,-1.182,-0.3779,0.0394
1.5391,4.759,-2.0774,-1.1938,-0.4415,0.0115
1.4393,4.7765,-1.9969,-1.1676,-0.4605,0.0058
1.2079,5.0372,-1.99,-1.186,-0.4637,0.002
0.9969,5.4433,-2.2112,-1.1521,-0.4587,0.0013
0.8071,6.0122,-2.582,-1.0979,-0.4584,-0.0056
0.5672,6.518,-2.9691,-1.0824,-0.458,-0.0183
0.3258,6.991,-3.121,-1.0421,-0.4707,-0.0157
0.0285,7.2081,-2.9873,-1.0186,-0.488,-0.0282
-0.1992,7.5037,-2.8032,-1.0125,-0.4668,-0.0476
-0.1945,7.8434,-2.7178,-1.0156,-0.4491,-0.0527
-0.113,8.2475,-2.6879,-1.0143,-0.4104,-0.0642
-0.0372,8.7343,-2.5796,-1.0039,-0.3573,-0.0722
0.0629,9.2171,-2.4386,-0.9976,-0.322,-0.0739
0.0763,9.652,-2.4114,-0.978,-0.3009,-0.0831
-0.0261,10.0256,-2.3563,-0.9347,-0.3166,-0.0901
-0.1379,10.3586,-2.2314,-0.8818,-0.3245,-0.0824
-0.2376,10.7206,-2.0726,-0.8108,-0.3244,-0.0709
-0.3821,11.0104,-1.939,-0.7632,-0.2859,-0.0633
-0.4583,11.0137,-1.8815,-0.7049,-0.2328,-0.0637
-0.3912,10.793,-1.7978,-0.6368,-0.1622,-0.0543
-0.223,10.4938,-1.6649,-0.5993,-0.0739,-0.0518
0.0014,10.2474,-1.6166,-0.5781,-0.0146,-0.0498
0.2674,10.0747,-1.7276,-0.5354,0.0369,-0.0553
0.5136,9.8794,-1.8282,-0.5119,0.0594,-0.0517
0.6723,9.6854,-1.7571,-0.4859,0.0644,-0.0559
0.7595,9.5641,-1.6141,-0.4735,0.0709,-0.0573
0.7654,9.4697,-1.5427,-0.4378,0.0551,-0.058
0.6862,9.4364,-1.4618,-0.4049,0.0247,-0.0556
0.5969,9.4837,-1.3909,-0.3974,0.0089,-0.065
0.5196,9.5792,-1.2849,-0.3695,-0.0021,-0.0692
0.4577,9.6761,-1.2207,-0.359,0.0123,-0.0672
0.4091,9.7747,-1.158,-0.3772,0.0384,-0.0924
0.409,9.8344,-1.0771,-0.3956,0.0578,-0.1044
0.3374,9.8496,-0.9804,-0.4328,0.0702,-0.0923
0.2026,9.9245,-0.8331,-0.4655,0.0974,-0.1013
0.1761,9.9308,-0.6838,-0.4367,0.1276,-0.0826
0.1677,9.9389,-0.6305,-0.4211,0.1403,-0.0742
0.1949,9.9739,-0.6028,-0.4058,0.1562,-0.0641
0.2055,9.9681,-0.6216,-0.3489,0.1547,-0.0544
0.25,9.9299,-0.6284,-0.3241,0.1404,-0.0554
0.262,9.9828,-0.6302,-0.3143,0.1116,-0.0536
0.2701,9.9959,-0.6329,-0.3082,0.0908,-0.0549
0.2889,9.9961,-0.6788,-0.2788,0.091,-0.0543
0.2888,9.9864,-0.7273,-0.2651,0.115,-0.0523
0.3352,9.9933,-0.787,-0.2371,0.1087,-0.0533
0.3782,9.9966,-0.8287,-0.2233,0.0911,-0.0512
0.471,9.9959,-0.8698,-0.2076,0.0865,-0.0542
0.5446,9.9875,-0.916,-0.1906,0.0817,-0.0537
0.5411,9.9265,-0.9412,-0.1565,0.0641,-0.0463
0.5633,9.8392,-0.9112,-0.1548,0.0464,-0.0397
0.5679,9.7434,-0.8533,-0.1497,0.0143,-0.038
0.498,9.7173,-0.81,-0.1576,-0.0097,-0.0396
0.4354,9.8015,-0.7798,-0.1574,-0.0114,-0.0348
0.3917,9.9554,-0.7452,-0.156,0.0015,-0.0397
0.2869,10.0777,-0.6861,-0.1535,0.024,-0.0394
0.1764,10.1751,-0.5957,-0.1531,0.0175,-0.0363
0.1143,10.1666,-0.5059,-0.1808,-0.0018,-0.037
0.0686,10.1437,-0.4483,-0.2069,-0.0212,-0.0375
-0.0236,10.0708,-0.4189,-0.1965,-0.0196,-0.0322
-0.0508,9.9569,-0.3792,-0.1607,-0.0001,-0.0381
-0.1229,9.8639,-0.34,-0.133,0.0256,-0.0359
-0.1141,9.7795,-0.396,-0.1042,0.0465,-0.0334
-0.0894,9.6924,-0.4925,-0.0732,0.0482,-0.0295
-0.0535,9.643,-0.5844,-0.0684,0.0465,-0.0229
-0.0054,9.6277,-0.6122,-0.0594,0.0593,-0.021
0.0915,9.6767,-0.6256,-0.0623,0.0768,-0.018
0.1775,9.7193,-0.6882,-0.0766,0.096,-0.0199
0.2967,9.705,-0.7598,-0.1,0.1104,-0.0253
0.3892,9.6657,-0.6908,-0.1094,0.128,-0.0256
0.4112,9.6403,-0.5614,-0.1123,0.1246,-0.0176
0.407,9.6671,-0.5104,-0.1261,0.1245,-0.0115
0.4089,9.6595,-0.5198,-0.1337,0.0941,-0.0181
0.3676,9.6651,-0.4967,-0.1335,0.0669,-0.0164
0.3048,9.682,-0.3864,-0.1289,0.0575,-0.026
0.2945,9.7218,-0.3451,-0.1135,0.0478,-0.0222
0.2775,9.7713,-0.3912,-0.1027,0.0446,-0.0187
0.2432,9.832,-0.3724,-0.0824,0.0462,-0.0118
0.2129,9.8416,-0.3264,-0.0747,0.0429,-0.0067
0.2405,9.8195,-0.2068,-0.0888,0.0443,-0.0004
0.2255,9.7875,-0.1766,-0.1209,0.0218,-0.0013
0.1971,9.8468,-0.0752,-0.1348,0.0233,0.0017
0.1661,9.8702,-0.0294,-0.1305,0.0361,0.0035
0.1027,9.8914,-0.0381,-0.1348,0.0441,0.0015
0.0738,9.9336,-0.0107,-0.1366,0.0536,0.0032
0.07,9.944,0.0288,-0.1256,0.0568,0.0098
0.0517,9.9205,0.031,-0.1133,0.0601,0.0069
0.0886,9.9176,0.0241,-0.0963,0.0635,0.0008
0.19,9.8778,-0.0359,-0.0686,0.07,-0.0002
0.2019,9.8279,-0.0729,-0.047,0.0637,0.0037
0.1957,9.8096,-0.1257,-0.0453,0.0588,0.0053
0.1668,9.7704,-0.167,-0.0514,0.0572,0.0035
0.1307,9.7311,-0.1853,-0.0559,0.0588,0.0049
0.1198,9.7223,-0.1944,-0.0466,0.0684,0.0083
0.1322,9.7398,-0.1902,-0.0547,0.0764,0.0067
0.2007,9.7812,-0.1856,-0.0672,0.0988,0.003
0.2513,9.8043,-0.1878,-0.0719,0.1196,0.0044
0.2757,9.8221,-0.1765,-0.0705,0.1212,0.0029
0.2994,9.8536,-0.1231,-0.0779,0.1084,0.0043
0.2873,9.8818,-0.084,-0.0671,0.0971,0.0111
0.2593,9.877,-0.0842,-0.044,0.0923,0.015
0.204,9.8588,-0.0544,-0.0332,0.0796,0.0088
0.2087,9.8396,-0.0268,-0.0347,0.0635,0.0138
0.2495,9.8216,-0.0147,-0.0343,0.0572,0.0103
0.2557,9.7752,-0.0153,-0.0347,0.062,0.0089
0.2571,9.791,-0.0285,-0.0466,0.0732,0.0067
0.2486,9.8183,-0.0174,-0.0439,0.073,0.0184
0.2143,9.8167,-0.0265,-0.0346,0.0698,0.0186
0.2025,9.8548,-0.0241,-0.0345,0.0697,0.0267
0.2045,9.9071,-0.0239,-0.0329,0.0648,0.0332
0.2424,9.965,-0.0172,-0.0346,0.0696,0.0316
0.281,10.0045,-0.031,-0.0191,0.0699,0.0189
0.3059,9.9869,-0.052,-0.0069,0.0651,0.021
0.3056,9.9723,-0.0591,-0.0069,0.0558,0.008
0.3111,9.9397,-0.0497,-0.0095,-0.0003,0.008
0.3029,9.9049,-0.0219,-0.0093,-0.0179,0.0064
0.3132,9.8581,-0.0079,-0.0076,-0.0212,0.0096
0.2829,9.8343,0.0195,-0.0094,-0.0083,0.008
0.2307,9.7855,0.0056,-0.0079,-0.0021,0.0162
0.1682,9.7407,-0.0215,-0.0183,-0.0086,0.0207
0.1308,9.7335,0.0128,-0.0232,-0.0053,0.0141
0.1097,9.7621,0.0842,-0.0293,-0.0052,0.0058
0.118,9.8089,0.1094,-0.0325,0.0076,0.0073
0.1242,9.8225,0.0977,-0.0312,0.0188,0.0074
0.1404,9.8343,0.084,-0.0342,0.0188,0.0073
0.1497,9.8294,0.0978,-0.028,0.0173,0.0042
0.1215,9.8173,0.0883,-0.0158,0.0061,0.0063
0.1105,9.8156,0.0701,-0.0094,-0.0003,0.0047
0.0976,9.8168,0.0612,-0.0077,0.0045,0.0063
0.0975,9.8262,0.0751,-0.0092,0.0061,0.0046
0.1084,9.835,0.0979,-0.0078,0.0029,0.0063
0.1474,9.8295,0.0978,-0.0125,0.0077,0.0046
0.1839,9.8214,0.0792,-0.0251,0.0221,0.0043
0.1953,9.7924,0.0652,-0.0268,0.0318,-0.0022
0.1985,9.7813,0.0448,-0.0344,0.043,0.0007
0.1916,9.7814,0.0286,-0.0314,0.0525,0.0057
0.1956,9.8023,-0.0244,-0.0314,0.0541,0.0024
0.1951,9.8377,-0.0406,-0.0206,0.043,0.0027
0.2036,9.8727,-0.0545,-0.0097,0.0288,-0.0067
0.2039,9.9017,-0.0427,-0.008,0.0383,-0.0003
0.1963,9.9178,-0.0452,-0.0097,0.0463,-0.0019
0.2185,9.9095,-0.0616,-0.0053,0.0335,-0.0016
0.2543,9.8887,-0.0751,0.0012,0.0223,-0.0016
0.2601,9.8707,-0.0471,0.0201,0.0177,-0.0045
0.2778,9.8386,-0.0245,0.0167,0.0161,-0.0077
0.2285,9.8264,0.0036,0.0078,0.0032,-0.0031
0.1245,9.8013,0.0171,0.0107,-0.0081,0.002
0.0693,9.7806,0.04,-0.0002,-0.0034,0.005
0.0557,9.7811,0.1046,-0.0079,0.011,0.0031
0.1061,9.8206,0.1093,-0.0049,0.0351,-0.0018
0.1773,9.8361,0.1554,-0.0035,0.0624,-0.0019
0.2635,9.8454,0.1642,-0.01,0.0705,-0.0101
0.3263,9.8475,0.1622,-0.0083,0.069,-0.0134
0.3655,9.8302,0.1667,-0.0098,0.0627,-0.0183
0.3872,9.8094,0.167,-0.0096,0.0531,-0.0199
0.3499,9.7616,0.2057,-0.0066,0.0211,-0.0212
0.3039,9.7194,0.1778,-0.0066,0.0001,-0.0113
0.2791,9.7178,0.1435,-0.0018,-0.0095,-0.0112
0.2547,9.7168,0.1392,-0.0062,-0.0143,-0.0147
0.2384,9.6954,0.1644,-0.0079,-0.0033,-0.0049
0.2264,9.6998,0.178,-0.0098,0.0175,-0.0001
0.1878,9.7058,0.146,-0.0111,0.019,0.0047
0.1732,9.7458,0.1137,-0.0313,0.0189,0.0026
0.1693,9.8136,0.1065,-0.0377,0.0285,0.0025
0.162,9.8755,0.1435,-0.05,0.0445,0.0021
0.1724,9.9675,0.169,-0.0516,0.0509,0.002
0.2124,10.0037,0.1433,-0.0349,0.0702,0.0008
0.2465,10.0051,0.1072,-0.0158,0.0672,-0.0071
0.2552,9.9877,0.0747,-0.0082,0.0543,-0.0019
0.2621,9.9541,0.0491,0.021,0.0576,0.0005
